{"cameraMode":{"drawMode":0,"name":"Shaded","section":"Shading Mode"},"sceneLighting":true,"audioPlay":false,"sceneViewState":{"showFog":true,"showMaterialUpdate":false,"showSkybox":true,"showFlares":true,"showImageEffects":true,"showParticleSystems":true},"in2DMode":false,"pivot":{"x":-1.5415716171264649,"y":2.566816568374634,"z":2.2044739723205568},"rotation":{"x":0.024302365258336068,"y":-0.7092267274856567,"z":0.024478018283843995,"w":0.7041358947753906},"size":5.887502670288086,"orthographic":false}